[
  {
    "region": "hokkaido-tohoku",
    "label": "北海道・東北",
    "items": [
      { "code": "hokkaido", "label": "北海道" },
      { "code": "aomori", "label": "青森県" },
      { "code": "iwate", "label": "岩手県" },
      { "code": "miyagi", "label": "宮城県" },
      { "code": "akita", "label": "秋田県" },
      { "code": "yamagata", "label": "山形県" },
      { "code": "fukushima", "label": "福島県" }
    ]
  },
  {
    "region": "kanto",
    "label": "関東",
    "items": [
      { "code": "ibaraki", "label": "茨城県" },
      { "code": "tochigi", "label": "栃木県" },
      { "code": "gunma", "label": "群馬県" },
      { "code": "saitama", "label": "埼玉県" },
      { "code": "chiba", "label": "千葉県" },
      { "code": "tokyo", "label": "東京都" },
      { "code": "kanagawa", "label": "神奈川県" }
    ]
  },
  {
    "region": "chubu",
    "label": "中部",
    "items": [
      { "code": "niigata", "label": "新潟県" },
      { "code": "toyama", "label": "富山県" },
      { "code": "ishikawa", "label": "石川県" },
      { "code": "fukui", "label": "福井県" },
      { "code": "yamanashi", "label": "山梨県" },
      { "code": "nagano", "label": "長野県" },
      { "code": "gifu", "label": "岐阜県" },
      { "code": "shizuoka", "label": "静岡県" },
      { "code": "aichi", "label": "愛知県" },
      { "code": "mie", "label": "三重県" }
    ]
  },
  {
    "region": "kinki",
    "label": "近畿",
    "items": [
      { "code": "shiga", "label": "滋賀県" },
      { "code": "kyoto", "label": "京都府" },
      { "code": "osaka", "label": "大阪府" },
      { "code": "hyogo", "label": "兵庫県" },
      { "code": "nara", "label": "奈良県" },
      { "code": "wakayama", "label": "和歌山県" }
    ]
  },
  {
    "region": "chugoku",
    "label": "中国",
    "items": [
      { "code": "tottori", "label": "鳥取県" },
      { "code": "shimane", "label": "島根県" },
      { "code": "okayama", "label": "岡山県" },
      { "code": "hiroshima", "label": "広島県" },
      { "code": "yamaguchi", "label": "山口県" }
    ]
  },
  {
    "region": "shikoku",
    "label": "四国",
    "items": [
      { "code": "tokushima", "label": "徳島県" },
      { "code": "kagawa", "label": "香川県" },
      { "code": "ehime", "label": "愛媛県" },
      { "code": "kochi", "label": "高知県" }
    ]
  },
  {
    "region": "kyushu-okinawa",
    "label": "九州・沖縄",
    "items": [
      { "code": "fukuoka", "label": "福岡県" },
      { "code": "saga", "label": "佐賀県" },
      { "code": "nagasaki", "label": "長崎県" },
      { "code": "kumamoto", "label": "熊本県" },
      { "code": "oita", "label": "大分県" },
      { "code": "miyazaki", "label": "宮崎県" },
      { "code": "kagoshima", "label": "鹿児島県" },
      { "code": "okinawa", "label": "沖縄県" }
    ]
  }
]
